hbb_rs334_num,hba1_2,frem3_rs186873296_num,abo_rs8176719_num,atp2b4_rs1541255_num
1,1,1,3,2
2,2,1,2,1
1,1,2,3,3
1,2,2,3,2
1,1,1,2,3
1,2,1,3,1
1,2,1,3,3
1,2,1,3,3
1,1,1,3,1
1,1,1,2,1
1,2,1,2,2
1,1,1,3,2
1,1,1,2,1
1,1,1,3,1
1,1,1,2,3
2,1,1,3,1
1,1,1,2,2
1,1,1,2,1
1,1,1,2,1
2,2,1,3,1
2,2,1,3,3
1,1,2,2,1
1,1,1,3,2
1,2,1,3,2
2,1,1,3,2
1,3,1,3,2
3,2,1,3,2
1,2,NA,2,2
1,1,1,3,3
2,1,1,3,2
1,1,1,3,2
1,2,1,2,3
1,1,1,2,1
1,2,1,3,1
1,2,1,2,1
1,2,1,1,1
1,2,1,2,1
1,1,NA,3,1
2,2,1,1,2
1,2,1,3,2
1,3,1,3,2
1,2,1,3,3
1,2,1,2,2
1,2,1,2,1
1,1,1,2,2
1,2,NA,3,3
1,1,2,2,2
1,2,1,3,3
2,2,1,2,2
1,1,1,3,2
1,2,1,2,1
1,2,1,2,1
1,2,1,3,1
1,3,1,3,2
1,1,1,1,2
1,3,1,2,2
1,2,2,3,1
2,2,2,2,2
1,2,1,2,2
1,1,2,3,1
1,2,1,3,3
1,1,1,3,2
1,2,1,2,1
1,2,2,3,1
1,1,1,3,1
1,2,1,1,1
2,1,1,3,2
1,2,1,3,1
1,3,1,2,1
2,3,1,2,1
1,2,1,2,1
2,2,1,1,1
1,2,2,2,1
1,1,1,2,1
1,3,1,2,2
2,2,1,3,1
1,2,1,3,2
1,1,1,3,1
1,2,1,2,2
1,2,1,3,1
1,2,1,2,2
1,2,1,3,2
1,2,1,3,1
1,1,1,3,1
1,1,1,2,1
1,2,1,2,2
1,2,1,2,2
1,2,2,3,2
1,2,2,3,2
1,2,1,3,1
1,2,1,3,1
1,1,1,3,2
1,2,1,2,2
1,2,1,2,3
2,1,1,3,1
1,2,1,3,1
1,2,1,3,2
1,1,2,2,2
1,2,1,3,2
1,2,1,3,3
1,2,1,3,1
1,3,1,3,2
2,2,1,3,1
1,2,2,1,2
1,2,2,2,2
1,2,1,3,2
2,2,1,2,3
1,2,1,3,1
1,2,1,3,1
1,2,2,3,1
1,3,NA,2,2
1,1,1,3,3
1,2,1,3,3
1,1,1,3,1
1,2,1,3,1
1,1,2,2,2
1,2,1,2,1
1,2,1,2,3
1,1,1,2,1
1,1,1,3,3
1,2,1,3,2
1,2,2,3,2
2,2,1,2,2
1,2,1,3,3
1,2,1,1,1
1,1,1,3,2
1,2,1,3,2
1,2,1,3,1
1,1,1,3,1
1,1,1,2,1
1,2,1,1,1
1,1,1,3,1
1,2,1,3,3
1,2,1,2,1
1,2,1,2,2
2,3,2,2,2
2,3,1,3,2
1,2,1,3,2
1,2,1,2,1
1,1,1,3,2
1,1,1,3,2
1,1,1,3,1
1,2,1,3,1
1,3,1,2,2
1,2,1,3,3
1,1,1,1,2
1,3,1,3,1
1,2,1,3,2
1,1,1,3,2
1,2,1,3,1
1,3,1,2,1
3,3,NA,3,2
1,2,1,3,3
1,1,1,2,1
1,3,1,2,2
1,2,NA,2,2
1,2,1,3,3
1,3,1,3,3
3,2,1,3,2
1,2,2,3,1
1,2,1,2,2
1,1,NA,3,2
2,2,2,2,1
2,1,1,3,2
1,3,1,3,1
1,1,2,2,1
1,2,1,3,2
1,1,2,3,1
1,3,2,3,2
1,1,2,3,1
1,1,2,3,2
1,2,1,2,2
1,1,1,2,2
1,3,1,1,2
1,2,2,3,1
1,1,2,3,2
2,2,1,2,2
1,3,1,3,2
1,1,1,2,2
2,2,1,2,2
2,2,1,3,1
2,2,2,2,1
1,1,2,3,1
1,2,2,3,2
1,3,1,3,1
2,2,1,3,3
1,2,2,3,2
1,3,1,3,2
1,3,2,2,1
1,1,1,3,2
1,2,1,2,1
1,1,1,1,2
1,2,1,3,2
1,1,NA,2,1
1,1,1,3,1
1,2,1,3,1
2,1,1,3,2
1,2,NA,3,2
1,3,1,2,1
1,3,1,2,2
1,1,NA,3,1
1,2,1,3,2
1,2,1,3,2
1,1,1,2,1
2,1,1,3,2
1,2,2,1,1
1,1,1,2,2
1,2,2,2,1
1,1,1,2,1
1,1,NA,1,1
1,1,1,1,1
1,3,1,2,1
1,2,1,2,3
2,1,1,3,2
1,2,1,2,2
1,2,2,3,1
1,1,1,3,2
1,1,1,2,1
1,1,1,3,2
1,3,NA,2,2
1,2,1,2,1
1,2,2,3,1
2,1,1,2,1
1,2,1,3,1
1,1,2,2,2
1,1,2,2,3
1,3,1,3,2
1,1,1,2,3
1,3,1,3,2
1,2,2,2,2
1,2,1,2,1
1,2,1,3,1
1,3,1,3,1
1,2,1,2,1
1,1,NA,3,1
1,2,1,2,1
1,1,1,3,2
1,2,1,2,2
1,2,1,2,2
1,3,1,3,1
1,2,1,3,2
1,2,1,3,1
1,2,1,2,2
1,2,1,3,1
2,1,1,2,3
1,3,1,2,2
1,3,1,3,2
1,2,1,3,2
1,2,1,3,2
2,2,1,2,2
1,1,NA,3,1
1,1,1,1,1
1,3,1,3,2
1,2,1,2,1
1,2,1,3,2
1,3,1,2,2
1,1,1,3,2
1,3,1,3,1
1,3,1,2,1
1,2,1,3,2
1,3,1,2,2
1,2,1,3,1
2,2,NA,3,1
1,2,2,3,2
1,1,1,3,1
1,2,1,2,1
1,2,1,2,1
1,2,1,3,1
1,2,1,2,1
1,2,1,2,1
1,3,2,3,2
1,2,1,2,1
1,2,2,2,2
1,2,1,2,3
2,1,1,1,1
1,2,1,2,1
1,1,1,3,2
2,2,2,1,2
1,1,1,3,1
1,2,1,3,1
1,1,2,3,2
1,2,1,1,1
1,3,1,3,1
1,3,1,3,1
1,3,1,3,2
1,1,1,3,2
1,2,1,2,2
1,2,1,3,2
2,1,1,3,2
1,2,1,1,2
1,2,2,3,2
1,3,1,3,2
1,1,1,3,3
1,2,1,2,3
1,3,1,2,3
1,1,1,1,1
1,2,1,1,2
1,1,1,2,3
1,2,2,2,2
1,1,1,3,2
1,1,1,2,3
1,2,2,2,2
1,1,1,3,3
2,2,1,1,2
1,1,1,3,2
2,1,2,2,1
1,1,2,3,1
2,2,1,3,1
1,1,1,3,2
1,2,1,2,2
1,2,1,2,2
1,2,2,2,2
1,1,2,3,2
1,2,1,3,2
1,1,2,2,1
1,1,2,3,1
1,1,1,3,1
1,2,1,2,2
2,2,1,3,2
1,2,1,2,2
2,2,1,3,1
1,2,1,2,2
1,2,1,3,2
1,3,2,2,2
2,1,1,3,2
1,2,1,3,1
1,1,1,3,3
1,1,2,3,1
2,1,1,2,3
1,1,1,2,1
1,1,1,2,2
1,2,1,3,1
1,2,1,3,2
2,2,1,3,2
2,2,1,2,2
1,1,1,2,2
2,1,1,3,2
1,2,1,3,1
2,1,2,2,2
1,2,1,3,2
1,2,1,2,1
1,3,1,1,2
1,2,1,3,2
1,1,1,1,2
1,3,1,3,1
2,3,2,2,1
2,1,1,3,2
1,2,1,NA,2
1,2,1,3,2
2,2,1,3,2
1,3,2,3,1
1,3,1,3,2
1,1,1,2,2
2,1,1,1,1
1,2,2,2,2
1,2,2,2,2
1,1,1,3,2
1,2,1,2,1
1,3,1,3,1
1,2,1,3,2
1,2,1,2,2
1,2,1,1,3
1,1,2,1,2
2,2,1,2,1
1,3,1,3,1
1,1,NA,2,1
1,2,1,2,2
1,2,1,3,2
1,2,2,3,3
1,1,1,2,2
1,1,1,3,2
1,1,1,2,1
1,2,1,2,2
1,2,1,3,1
1,2,1,2,3
1,3,1,1,1
1,2,1,3,1
1,2,1,3,2
1,2,1,3,2
1,2,2,3,2
1,2,2,3,1
1,2,1,3,1
1,2,2,2,2
2,2,2,3,1
1,2,1,2,2
1,2,2,3,2
1,1,2,2,1
1,2,1,3,1
1,2,1,2,2
1,2,1,3,2
2,2,1,3,1
1,2,1,3,1
1,3,1,3,2
1,2,1,2,2
2,1,1,1,1
1,1,1,2,2
2,2,2,3,2
2,2,1,3,2
1,1,1,2,2
1,2,1,2,1
1,1,1,3,2
1,2,1,3,1
1,2,1,3,1
1,2,1,3,1
1,2,2,2,2
1,1,1,2,2
1,2,1,3,3
1,2,1,3,1
1,1,1,2,1
1,2,2,3,1
1,3,1,3,1
1,1,1,3,2
1,3,1,3,3
2,2,1,1,2
1,2,1,3,1
1,2,1,3,2
2,2,1,1,3
1,2,1,3,1
1,2,2,3,2
1,2,1,3,3
1,2,1,2,1
1,3,1,3,1
1,2,1,2,1
1,3,1,1,1
1,2,1,3,1
1,3,1,2,1
1,2,1,2,1
1,2,1,3,3
1,1,2,2,3
1,2,1,2,1
1,2,1,3,1
1,1,1,3,1
1,2,1,3,2
1,1,1,2,1
1,2,2,3,2
1,3,1,3,3
1,2,1,3,1
1,2,1,3,1
1,2,1,3,1
1,2,1,3,1
1,3,1,2,1
2,2,2,3,1
1,3,1,3,2
1,1,2,3,1
1,2,2,3,1
1,3,2,1,2
1,2,2,2,2
1,2,2,2,1
1,2,1,2,1
1,2,1,3,1
1,2,1,3,1
1,2,1,2,1
1,2,1,2,1
2,1,1,1,2
1,1,2,3,3
1,2,1,1,1
1,2,1,2,2
1,2,1,2,1
1,1,1,3,2
1,2,1,3,1
2,1,1,2,2
3,3,1,2,1
1,1,1,3,3
1,1,1,1,3
1,1,1,2,2
1,1,1,2,2
1,1,1,3,1
1,2,1,3,2
1,2,1,3,1
1,2,1,3,1
1,2,2,2,1
1,2,1,3,1
2,2,2,3,1
3,2,1,3,2
1,1,1,1,2
1,2,1,3,2
1,1,1,2,1
1,3,1,2,1
1,2,1,3,2
1,1,1,2,2
1,2,1,3,1
2,2,2,3,2
1,2,1,3,1
1,1,1,1,3
1,1,1,3,1
1,3,1,3,1
2,2,1,2,1
1,1,1,3,2
1,2,1,3,1
1,2,1,3,1
1,2,1,2,1
1,2,1,2,2
3,1,NA,3,2
1,2,1,2,1
1,3,1,2,2
1,2,1,3,1
1,2,1,3,1
1,2,1,3,2
1,1,1,2,2
1,2,2,3,2
1,2,1,2,1
2,2,1,3,3
2,2,2,3,2
1,2,1,3,1
1,1,1,3,2
1,2,1,1,2
2,2,1,3,2
1,2,1,2,2
1,1,1,2,2
1,1,1,1,2
2,1,2,1,2
1,1,1,2,2
2,2,1,2,2
1,1,1,3,1
1,3,1,2,2
1,2,1,2,1
1,2,1,3,2
1,1,1,2,2
1,3,2,3,1
2,3,1,3,2
2,2,1,2,3
1,1,2,3,1
1,1,1,3,1
1,1,1,2,2
1,3,1,3,2
1,1,1,2,1
1,1,1,3,2
1,2,1,3,2
1,1,2,1,1
1,2,1,2,2
1,2,1,3,2
1,1,1,1,2
1,3,2,1,1
1,2,2,3,1
1,2,2,2,2
2,3,1,2,1
1,3,1,3,1
1,2,1,3,2
1,2,1,3,2
2,1,1,3,2
1,3,1,3,2
1,2,1,2,1
1,3,2,2,2
1,1,2,3,1
1,2,1,2,1
1,2,1,2,3
1,3,1,3,2
1,2,1,2,1
2,1,2,3,1
1,2,1,3,1
2,1,1,2,1
1,2,1,3,2
1,2,1,2,1
1,1,1,3,2
2,3,1,1,2
1,2,1,2,1
2,3,1,3,3
1,2,1,3,1
1,1,1,2,2
1,2,1,3,2
2,1,1,3,3
2,1,1,2,1
1,2,1,3,2
1,1,1,3,1
2,2,1,3,NA
1,2,1,3,2
2,2,2,3,2
1,3,1,2,3
1,2,1,3,1
1,2,1,2,1
1,2,1,2,2
1,2,1,2,3
1,2,1,3,2
2,2,1,2,1
1,2,2,2,2
1,3,1,2,1
2,1,2,3,1
1,2,1,2,2
1,3,1,3,1
1,2,2,3,1
1,3,1,3,1
1,2,1,2,2
1,2,1,3,3
1,2,1,2,1
1,1,1,3,2
1,2,1,3,1
1,2,1,2,2
1,3,1,3,1
1,1,1,3,1
1,2,1,3,1
1,2,2,2,3
1,3,NA,2,1
1,2,2,2,2
1,2,2,3,2
2,1,1,3,2
1,2,1,3,1
1,3,1,3,NA
1,2,1,3,3
1,2,2,2,2
1,1,1,3,2
1,2,1,3,2
1,2,1,2,2
1,2,1,1,2
1,1,1,3,1
1,2,1,3,2
1,2,1,3,2
1,1,1,2,2
2,1,1,3,1
1,2,1,2,2
1,2,1,2,2
2,1,2,1,2
1,2,1,2,1
1,3,1,3,2
1,1,1,3,2
2,2,1,3,2
1,2,1,3,2
1,1,1,2,1
1,2,1,2,1
1,2,1,2,2
1,1,1,2,1
1,1,1,1,2
1,2,1,3,1
1,2,2,3,2
1,1,1,2,1
1,1,1,2,1
2,3,1,2,1
1,1,1,3,2
1,2,1,3,2
1,1,NA,3,2
1,3,1,3,1
1,3,2,3,2
1,2,1,3,1
1,3,NA,2,2
1,3,1,2,1
1,1,1,3,1
1,2,1,2,1
2,1,1,2,1
1,2,2,2,1
2,2,2,2,2
1,1,1,2,2
1,1,1,3,2
2,2,1,1,1
1,2,1,3,1
1,3,1,2,2
1,2,2,3,2
1,2,1,2,3
2,1,2,3,2
2,2,1,3,2
1,2,2,3,2
1,2,1,3,1
1,1,1,3,1
2,2,1,2,1
1,2,1,1,2
1,2,1,3,1
1,3,1,3,3
1,2,2,2,2
1,1,1,2,3
1,2,1,3,1
1,2,1,3,2
1,2,1,1,1
1,1,1,1,2
1,1,1,3,2
2,2,1,3,2
1,2,1,3,1
2,2,2,3,2
1,3,1,3,1
1,1,1,3,2
1,2,1,NA,2
1,1,2,3,1
2,2,2,1,2
1,1,1,2,2
1,1,1,3,1
1,3,1,3,2
1,2,1,3,1
1,2,1,2,3
1,1,1,3,2
1,1,1,2,2
1,1,1,2,2
1,1,1,2,2
1,1,1,3,2
1,2,1,3,2
1,1,1,3,2
1,2,2,2,2
1,2,1,1,2
1,2,2,2,2
1,2,1,3,2
2,1,NA,2,1
2,1,1,1,2
2,2,2,3,3
1,2,1,1,2
1,1,1,3,2
1,3,1,3,1
1,2,1,3,1
1,1,2,3,3
1,3,1,2,2
1,2,2,3,2
1,1,1,3,2
1,2,1,3,2
1,1,1,3,1
1,2,1,2,2
2,2,1,2,2
1,1,1,3,2
3,1,2,3,1
1,2,1,2,1
2,1,1,3,2
1,2,1,1,NA
1,1,1,2,3
1,3,1,2,2
2,2,2,2,1
1,2,1,3,3
1,1,1,2,2
1,2,1,2,2
1,2,1,3,2
1,2,1,3,3
1,1,1,2,1
1,1,1,2,2
1,1,1,3,2
1,1,1,2,1
1,1,1,2,2
1,2,1,3,2
1,2,1,2,1
1,2,1,2,2
1,2,1,3,1
1,2,1,2,3
1,1,1,3,2
1,2,1,2,3
1,1,1,2,1
1,3,2,2,1
1,2,1,2,2
1,3,2,3,2
2,2,1,3,2
1,2,1,1,2
1,1,2,3,1
2,2,1,3,1
1,3,1,2,2
1,2,2,3,1
2,2,2,3,1
2,1,1,3,1
1,2,1,3,2
1,2,1,3,1
1,2,1,3,2
1,1,1,2,2
1,2,2,3,1
1,3,1,2,1
1,2,2,2,3
1,2,1,3,2
1,2,1,3,2
1,2,1,3,2
1,1,2,2,1
2,1,1,3,1
1,2,1,2,1
1,1,1,3,3
2,3,1,2,3
1,3,1,3,2
1,2,1,2,2
1,2,1,3,1
1,2,1,2,1
1,2,2,3,1
1,2,1,3,1
1,2,1,3,2
2,2,1,3,2
1,2,2,3,2
1,1,1,3,1
1,1,1,3,2
2,2,1,3,1
2,1,2,2,1
1,2,1,2,1
1,2,1,3,1
2,2,1,3,1
1,1,1,3,3
1,1,1,3,3
1,3,1,2,2
1,3,1,2,2
2,2,1,1,2
1,1,1,2,1
1,2,1,1,2
1,1,1,2,1
1,2,1,3,1
1,3,1,3,1
1,1,1,2,1
1,1,1,2,2
1,1,1,3,1
1,2,1,2,1
1,3,1,NA,1
1,2,1,3,2
1,2,2,2,2
1,1,2,3,1
1,1,1,2,2
1,2,1,2,1
1,2,1,1,1
1,1,2,3,2
2,1,1,3,1
2,2,1,3,2
2,1,1,2,1
1,1,2,2,2
1,2,1,3,1
1,1,1,2,1
2,1,1,2,2
1,2,1,3,3
2,2,1,2,1
1,2,1,2,2
2,2,1,3,2
1,1,1,1,1
1,1,1,3,1
1,1,1,3,1
1,1,2,3,2
1,2,1,3,1
1,2,1,3,1
1,1,1,3,3
1,1,1,3,2
1,2,1,3,1
1,1,1,3,1
1,2,1,2,2
2,1,1,3,3
1,3,1,3,2
2,2,1,2,1
1,2,1,3,1
2,2,2,2,1
1,1,1,2,2
1,2,1,2,2
1,1,1,3,2
1,2,1,2,1
1,1,1,3,2
1,2,1,3,2
1,1,2,3,2
1,3,1,1,1
1,1,1,3,1
2,2,1,2,2
1,2,2,2,1
2,1,1,3,2
2,1,1,2,2
1,2,2,3,1
2,1,1,2,1
1,2,1,3,2
2,1,1,3,2
1,1,1,3,1
2,2,1,3,2
1,3,1,3,2
1,3,2,3,2
1,3,1,3,1
1,1,1,2,3
1,1,1,3,2
1,2,1,2,1
1,1,1,2,2
1,1,1,3,2
1,2,2,3,1
1,1,1,3,1
2,1,1,3,2
2,2,2,1,2
1,1,1,2,1
1,2,1,2,1
1,1,1,3,2
1,1,1,1,2
1,2,1,2,1
1,1,1,3,1
1,3,1,2,2
1,1,1,3,1
1,1,1,2,2
1,2,1,2,2
1,2,1,3,2
1,2,1,3,2
1,1,1,2,1
1,2,2,2,2
2,3,1,3,1
2,1,1,2,3
1,3,2,3,3
1,2,1,3,2
1,1,1,1,2
1,2,2,3,1
2,2,2,2,1
1,2,1,3,2
1,2,1,3,2
1,2,2,2,2
1,2,1,3,1
1,3,1,2,2
1,1,2,3,2
1,2,NA,2,3
1,2,1,2,2
1,1,1,2,3
1,2,1,2,1
1,2,1,2,3
1,2,1,2,3
1,1,2,2,2
1,1,1,2,2
1,2,1,3,3
2,3,1,2,1
2,1,2,1,2
1,1,1,2,3
1,1,1,3,1
1,3,NA,3,2
1,2,1,3,2
1,2,1,2,3
1,1,1,2,3
1,1,1,3,1
1,2,1,2,1
1,1,2,3,1
1,1,1,2,1
1,2,1,3,2
1,2,2,3,2
1,3,1,3,1
1,1,1,3,2
1,2,1,2,2
1,1,1,3,2
1,1,1,3,2
1,1,1,3,2
1,3,1,2,3
1,1,2,3,2
1,2,1,2,1
1,2,1,2,1
1,2,1,3,1
1,3,1,2,2
1,1,1,3,2
1,1,1,2,1
1,3,1,2,1
2,3,1,2,2
1,3,1,1,2
3,2,1,3,1
1,2,1,3,1
1,2,1,2,2
1,1,1,3,3
2,2,1,3,2
1,1,1,3,2
2,2,1,2,2
1,1,1,3,3
1,1,1,3,2
1,1,1,2,2
1,2,1,3,1
2,3,2,3,1
1,2,2,3,1
1,2,1,2,1
1,3,1,3,1
1,2,1,3,2
1,2,1,3,2
1,2,1,3,1
1,3,1,3,1
2,2,1,3,1
2,1,1,2,2
1,2,1,3,3
1,2,1,2,1
1,2,1,3,2
1,3,1,2,2
2,1,1,3,1
2,2,2,3,1
2,1,1,2,1
1,2,1,3,1
1,2,1,3,1
1,1,1,3,1
1,1,1,2,1
1,2,1,1,3
1,3,1,3,2
1,2,1,2,2
1,2,1,2,1
1,2,1,2,3
1,2,2,2,2
1,2,1,3,1
2,2,1,3,2
1,1,1,2,1
1,1,1,2,2
1,1,1,3,1
1,1,1,3,1
1,1,1,3,2
1,1,2,2,2
1,1,1,3,1
1,3,1,2,1
1,1,2,3,2
1,1,1,2,1
1,1,NA,3,1
1,1,1,2,2
1,2,2,3,1
1,2,1,3,1
1,1,1,2,1
2,3,NA,3,1
1,1,1,2,2
1,2,1,2,1
1,2,2,2,2
3,2,2,2,2
3,1,2,3,1
1,1,1,3,1
1,1,1,3,1
1,2,2,1,2
1,1,1,1,2
1,2,1,2,2
2,2,2,3,1
1,3,1,3,2
1,2,1,3,1
1,1,1,2,2
1,1,1,2,1
1,1,1,2,1
1,2,1,2,1
2,1,1,3,3
1,2,2,2,2
1,1,1,3,2
2,2,2,3,1
1,1,1,2,1
2,3,1,3,2
1,1,1,2,1
2,1,1,2,2
1,3,1,3,2
2,2,2,3,1
1,2,1,3,3
1,2,1,2,1
1,3,1,3,1
1,2,1,2,1
1,1,2,3,1
1,2,1,2,2
1,1,1,1,2
1,2,2,3,1
2,2,1,1,1
2,1,1,2,3
1,3,2,3,2
3,1,1,3,1
2,1,1,3,1
1,2,1,3,3
1,1,1,3,1
2,2,2,2,2
1,1,1,2,1
2,2,1,2,1
1,2,1,3,2
1,2,1,3,1
1,1,2,2,2
1,1,2,3,1
1,2,1,3,NA
1,3,1,3,2
1,1,2,3,1
1,1,1,2,2
1,1,1,1,3
2,2,1,3,1
1,2,1,2,2
1,2,1,3,1
2,1,1,3,1
1,1,1,2,2
1,3,1,2,1
1,1,1,2,1
1,3,1,3,1
1,2,1,3,1
1,2,2,2,1
1,1,1,3,2
1,2,1,3,1
1,2,1,2,1
1,1,1,1,3
2,1,1,2,1
1,2,1,3,1
1,3,1,3,2
1,1,1,3,2
1,2,1,3,2
2,2,2,3,1
1,1,1,3,1
2,2,2,2,2
1,2,1,2,3
1,2,1,2,2
1,1,1,3,1
2,1,1,3,1
1,2,1,3,2
1,1,2,3,1
1,2,1,2,1
1,2,1,2,1
1,2,1,3,2
1,1,1,3,2
1,1,2,3,2
1,1,1,2,2
1,3,1,3,1
2,1,2,3,1
1,1,1,2,1
1,3,1,3,2
1,2,1,2,2
1,1,1,3,2
1,3,1,3,1
1,1,1,2,3
1,2,1,3,2
2,1,1,3,2
1,3,2,2,2
1,1,1,2,2
1,1,1,2,2
2,1,1,2,2
2,1,1,3,3
2,3,1,3,1
1,2,2,3,3
1,2,1,2,3
1,1,1,2,1
1,1,1,3,1
1,2,1,1,2
1,2,2,3,3
1,2,1,2,2
1,2,2,3,3
1,2,1,2,1
1,1,1,3,1
1,2,1,2,2
1,1,1,2,1
1,2,1,2,1
1,2,2,2,2
2,1,1,3,1
1,1,2,3,3
1,2,1,2,1
1,2,1,1,1
2,3,1,3,2
1,2,2,2,1
2,2,1,3,2
2,2,1,2,1
1,2,1,3,1
1,2,1,3,2
1,3,1,2,1
1,1,1,3,1
1,2,1,2,3
1,3,1,3,2
1,2,1,2,1
1,3,1,2,1
1,1,1,2,1
1,3,NA,3,2
1,3,1,3,2
1,3,1,1,2
1,1,1,3,2
1,1,2,2,2
2,2,2,1,2
1,2,1,2,2
2,3,1,3,1
1,3,1,1,1
1,1,1,2,1
1,2,2,2,1
1,1,1,3,2
1,1,1,3,2
1,2,1,3,2
1,2,1,3,2
1,1,1,2,2
1,3,2,3,2
1,3,1,3,1
1,2,1,3,2
1,1,1,3,2
1,1,2,2,1
1,2,1,2,2
1,1,NA,3,3
1,1,1,2,2
1,1,1,3,3
1,1,NA,3,1
1,2,1,1,3
1,2,2,3,2
1,3,1,3,1
1,1,2,3,2
2,2,1,2,1
1,2,1,3,2
1,2,1,3,1
2,1,1,3,3
1,2,1,3,1
2,2,1,3,2
1,3,1,3,2
2,2,1,2,1
2,1,1,3,2
2,2,1,3,2
1,3,2,2,2
1,1,1,2,1
1,3,NA,3,1
1,2,1,2,1
1,2,1,NA,1
1,2,1,2,2
1,2,1,3,1
1,3,1,3,2
1,2,1,3,2
2,1,1,2,1
1,2,1,2,3
1,2,1,2,1
2,1,1,3,1
1,3,1,3,1
1,1,2,3,2
1,3,2,2,1
1,3,1,3,1
1,2,2,1,3
1,3,1,3,1
1,2,1,3,1
1,2,1,2,1
1,1,1,1,2
1,3,1,3,1
1,2,2,3,2
2,2,2,3,1
1,2,1,3,2
1,2,1,2,2
1,2,1,3,1
1,2,1,2,2
1,3,1,3,2
1,2,2,3,1
1,2,1,1,2
1,3,1,2,3
2,2,2,3,1
1,1,2,3,2
1,2,1,3,2
1,1,1,3,1
1,1,1,3,1
1,2,2,3,1
1,2,1,3,1
1,2,1,3,1
1,2,1,3,2
1,3,1,2,2
1,3,2,3,1
1,3,1,2,2
1,2,2,2,2
1,2,1,3,1
2,1,2,3,2
1,1,1,2,3
1,1,1,3,3
1,2,1,3,1
1,2,2,2,2
1,2,1,3,1
1,2,1,3,3
1,1,1,2,3
1,3,1,3,1
1,3,1,2,3
1,3,1,3,2
1,3,1,2,1
1,2,1,3,1
1,3,1,3,3
1,1,1,3,2
2,2,1,2,1
1,2,2,3,1
1,3,1,3,3
1,1,1,2,1
1,3,2,2,2
1,2,1,3,1
1,1,1,3,1
1,3,2,3,2
1,2,1,3,1
1,NA,1,3,2
2,2,2,3,2
1,2,1,3,2
1,2,2,2,3
1,3,1,3,3
1,3,2,3,2
1,3,1,3,1
1,2,1,3,2
2,1,1,2,1
1,2,1,2,2
2,2,1,2,2
1,2,1,3,1
1,3,1,1,1
1,2,1,1,2
1,1,1,3,2
1,2,1,2,1
1,2,1,2,2
2,2,1,3,1
1,3,1,3,3
1,1,1,3,2
1,2,1,3,3
1,2,1,3,1
1,2,1,3,2
1,2,1,3,2
1,2,1,3,2
1,1,1,3,1
1,3,1,2,1
1,2,1,3,2
1,1,1,3,2
1,1,1,3,2
2,2,2,3,2
1,1,1,3,1
1,2,1,3,1
1,2,1,3,2
1,3,2,3,1
1,1,1,3,1
1,2,2,3,1
1,1,1,2,2
1,3,1,3,2
2,2,1,3,2
1,2,2,1,2
1,2,1,3,2
1,3,1,3,2
1,3,1,3,1
1,2,2,3,3
2,2,2,3,3
1,1,1,3,3
1,2,1,2,3
1,1,1,2,3
1,2,1,3,1
2,2,1,3,2
1,1,1,3,2
1,2,2,2,3
1,1,1,3,1
2,2,1,2,1
1,1,1,3,1
1,2,1,2,1
1,1,1,3,2
1,1,1,3,2
1,1,2,3,1
1,2,2,3,1
1,2,1,2,3
2,1,1,3,2
1,3,1,3,1
2,2,1,3,3
1,2,1,3,2
1,2,NA,3,3
2,2,1,3,2
2,1,NA,1,2
1,2,2,3,2
1,2,1,3,1
1,3,1,3,2
1,2,1,2,1
1,3,1,3,2
1,2,1,2,1
1,3,1,3,3
1,1,2,2,2
1,3,1,3,1
1,1,1,3,2
2,2,1,3,1
1,2,2,3,1
1,1,1,3,2
1,3,1,2,1
2,2,1,3,2
1,2,1,3,1
1,1,2,2,2
1,1,1,2,2
1,2,2,3,2
1,1,1,2,1
1,1,1,2,1
1,2,1,3,1
1,1,1,2,1
1,3,2,2,1
1,3,2,2,1
1,1,1,3,1
1,3,1,3,1
1,3,1,3,1
1,1,1,2,2
1,2,1,3,1
1,2,1,2,2
1,1,1,2,2
1,2,1,3,2
1,3,1,3,2
2,1,1,2,1
1,1,1,2,1
1,2,1,2,1
1,1,1,1,1
1,1,1,2,2
1,2,1,3,2
1,3,NA,3,2
1,2,1,3,1
1,1,1,2,3
1,1,1,2,2
1,3,1,3,2
1,2,1,3,1
1,2,1,2,2
1,2,1,3,2
1,1,1,3,3
1,1,1,3,1
1,1,1,3,1
1,2,1,2,3
1,2,1,2,2
1,1,1,2,1
1,3,1,3,2
1,1,1,3,2
1,1,1,3,3
1,3,2,3,1
1,3,1,2,1
1,2,1,3,2
1,1,1,2,2
2,2,1,3,1
2,2,1,3,3
1,2,1,2,1
1,2,1,3,2
2,2,1,2,2
1,3,1,2,1
1,2,1,2,2
1,2,1,2,2
1,1,1,3,1
1,2,1,3,1
1,2,2,3,1
1,1,NA,3,1
1,2,1,2,2
2,2,1,2,2
1,2,1,3,1
1,1,2,3,2
1,1,1,3,1
1,2,1,2,1
1,2,1,3,1
1,1,1,3,2
1,1,1,3,2
1,1,1,1,2
1,2,1,3,1
1,1,1,3,2
1,1,1,2,1
1,1,1,2,1
1,2,1,2,1
1,3,1,2,1
1,1,1,3,1
1,2,2,3,3
1,3,1,2,3
1,3,2,3,1
1,2,1,2,1
1,3,1,2,1
1,1,2,3,2
1,1,1,3,1
1,3,1,NA,2
1,1,1,3,1
1,1,1,3,1
1,2,1,2,1
1,2,1,3,2
2,1,1,3,2
1,1,1,2,3
1,2,1,2,2
1,3,2,3,1
1,2,1,3,1
1,2,1,2,2
1,3,1,2,3
1,1,1,2,1
1,1,1,3,1
2,1,1,2,1
1,2,1,3,1
2,2,1,2,1
1,2,1,3,2
2,3,1,2,1
2,3,1,3,1
1,2,1,2,2
1,1,1,3,2
1,1,1,3,1
1,2,1,2,2
1,2,1,1,1
1,3,1,3,2
1,1,1,3,2
2,2,1,2,3
1,2,2,1,2
3,1,1,2,1
1,1,1,3,3
1,2,1,3,1
1,1,2,2,1
1,2,1,2,2
1,1,1,2,2
1,1,1,1,3
1,2,1,2,1
2,3,1,3,2
1,2,1,2,2
2,1,1,2,2
1,3,1,2,1
1,2,1,3,1
1,2,1,2,1
1,1,1,3,2
1,1,1,3,3
2,1,1,3,2
1,1,1,3,1
2,2,1,2,2
1,2,1,2,3
1,2,1,3,2
1,2,1,2,2
1,3,1,3,1
1,1,1,2,2
1,3,1,2,3
1,2,1,3,1
1,3,1,3,1
1,2,1,3,3
1,1,1,3,1
1,1,1,2,1
1,3,1,3,1
1,2,1,3,3
1,2,1,3,2
1,3,1,2,1
1,2,2,3,2
1,2,2,2,1
1,1,NA,1,1
1,2,1,2,1
1,2,1,2,3
1,1,1,2,2
1,2,2,3,3
1,2,1,3,3
1,1,1,2,1
1,2,1,3,1
1,1,1,3,3
1,2,2,2,1
1,1,1,3,2
1,2,1,3,2
1,1,2,3,3
1,3,1,3,2
1,1,1,3,3
1,1,1,3,2
1,1,1,2,1
1,2,1,3,1
2,2,1,2,2
1,1,1,2,2
1,2,1,3,1
1,3,1,1,1
1,2,2,3,1
2,1,1,3,1
1,2,1,2,2
1,2,1,3,1
2,3,1,2,1
1,2,1,3,1
2,3,1,2,1
2,2,1,3,1
1,2,1,2,2
1,2,1,3,2
1,2,1,3,2
1,2,1,3,1
1,1,1,1,1
1,3,2,2,2
2,2,1,3,1
1,2,2,3,2
1,3,2,2,2
2,1,2,1,1
2,2,1,3,1
1,2,2,3,3
2,2,1,3,1
1,1,1,1,2
1,1,1,2,1
1,2,2,2,2
1,2,1,2,2
2,1,1,3,1
1,1,1,3,2
1,2,2,3,3
2,2,1,3,2
1,1,2,3,1
2,3,1,3,2
1,2,1,2,2
2,3,1,3,1
1,2,1,2,1
1,1,1,2,3
1,2,2,1,1
2,2,1,3,1
1,2,1,3,1
1,2,2,3,3
1,1,2,2,1
1,1,1,3,3
1,1,1,3,2
1,2,1,3,3
1,2,1,3,1
1,3,2,2,1
1,1,1,2,3
1,2,1,3,2
1,3,2,3,1
1,2,1,2,2
1,2,1,3,2
2,3,1,2,3
2,2,1,3,2
2,2,1,2,NA
1,1,1,3,3
1,1,1,3,1
1,1,1,3,1
1,2,1,3,1
1,1,1,2,2
1,2,1,3,2
1,2,1,3,2
1,2,2,1,1
1,2,1,3,2
1,2,1,3,1
1,2,1,1,1
1,2,2,3,3
2,1,1,3,1
1,1,2,2,2
1,2,1,2,1
1,2,1,1,1
2,2,2,1,1
3,3,2,3,2
1,2,2,3,1
1,2,1,2,1
2,3,1,2,1
1,3,2,2,2
1,1,1,3,2
1,2,1,1,2
1,2,1,3,2
2,2,1,2,2
1,2,1,2,3
1,1,1,2,2
1,2,1,2,1
1,1,1,3,1
1,2,1,2,1
1,2,1,1,1
1,1,1,3,2
1,2,2,2,1
1,1,2,3,1
1,3,1,3,2
2,1,1,1,1
2,3,1,3,3
1,2,1,3,1
1,1,1,2,2
1,3,1,2,1
1,1,1,3,1
1,3,1,3,2
1,3,1,2,2
1,2,1,2,2
1,2,2,2,2
1,2,1,3,2
1,1,1,2,1
1,1,1,3,1
1,3,1,2,2
1,2,1,3,2
1,3,1,2,2
1,3,1,1,1
1,1,1,2,1
1,3,1,3,2
1,1,NA,2,1
1,2,1,3,1
1,1,1,1,2
1,2,1,3,1
1,2,1,2,1
2,2,2,3,2
1,1,1,2,1
1,1,1,3,3
1,1,2,2,1
1,3,1,3,2
1,1,1,2,1
1,2,1,3,2
2,1,1,2,2
1,2,1,3,2
1,2,1,3,2
1,3,1,2,2
1,1,1,3,2
1,1,1,1,3
2,1,1,3,2
1,2,1,2,2
1,3,1,2,2
1,2,2,3,1
1,1,1,2,1
1,1,2,1,1
1,2,1,2,2
1,1,1,2,2
2,2,1,3,1
1,1,1,3,2
1,2,2,2,1
2,3,1,3,2
1,2,1,2,2
1,3,1,3,1
1,2,1,3,2
2,1,2,3,2
1,2,1,1,2
2,1,1,3,1
1,1,1,2,2
1,3,1,3,1
2,1,1,2,3
1,2,1,2,2
1,2,1,3,2
1,1,1,3,1
1,1,1,3,1
1,1,1,3,1
1,2,1,3,3
1,1,1,3,1
1,2,2,3,2
1,1,1,3,1
1,2,1,3,2
1,2,1,3,1
2,2,1,1,1
1,3,1,3,1
2,3,1,3,2
1,2,1,2,2
1,1,1,3,2
2,2,1,3,2
1,1,1,3,2
1,2,1,2,1
1,1,1,3,1
1,2,1,2,3
1,3,1,3,2
1,1,1,3,1
1,2,1,3,2
1,1,1,3,3
1,1,1,3,1
1,3,NA,3,1
1,1,1,3,1
2,3,2,3,2
1,2,1,3,3
2,1,1,NA,2
1,1,2,3,2
3,2,2,2,1
1,2,1,2,1
1,2,1,2,1
1,1,1,1,1
1,2,1,3,1
1,3,1,3,2
1,2,1,3,1
1,3,1,3,3
2,1,1,2,2
1,2,1,2,2
1,2,1,2,2
2,1,1,2,2
1,2,1,2,2
2,2,1,3,2
1,2,1,3,2
1,3,1,3,2
2,1,1,2,3
1,1,1,3,2
1,1,1,2,2
1,1,1,2,2
1,2,NA,1,2
1,2,1,2,2
2,1,1,3,2
1,2,1,2,1
2,2,1,3,2
1,3,1,2,3
1,2,1,3,2
1,2,2,3,2
1,1,1,2,2
1,3,1,3,1
1,2,1,2,1
2,2,2,2,2
1,2,1,3,1
2,1,1,3,3
1,2,2,3,2
1,2,1,2,1
1,2,1,2,1
1,2,2,2,1
2,2,2,1,1
1,1,1,1,1
1,3,2,2,3
1,1,1,2,1
1,1,1,3,2
1,1,1,3,1
2,1,1,3,1
1,2,1,1,1
1,1,1,2,3
1,2,1,3,2
1,1,1,3,1
1,2,1,3,1
1,2,1,3,1
1,2,1,3,1
1,1,1,2,1
3,3,1,3,2
1,2,2,2,1
1,1,2,3,2
1,1,1,3,1
1,1,1,3,3
1,3,1,2,1
1,3,1,3,1
1,2,2,3,1
3,3,1,2,2
1,2,2,3,2
1,2,1,2,1
2,3,1,2,2
1,2,1,2,2
2,2,1,2,1
1,2,1,3,2
2,2,2,2,2
2,2,1,3,3
1,2,1,2,3
1,2,1,2,1
1,3,1,2,2
1,2,2,3,1
1,1,1,NA,1
1,1,1,3,2
1,2,1,3,1
1,2,1,2,2
1,3,2,2,2
2,3,2,1,1
2,1,1,3,3
1,2,1,2,1
1,3,1,3,1
2,1,2,1,2
1,2,1,3,1
1,1,1,2,1
1,3,1,3,2
1,2,1,2,2
2,2,1,1,1
1,2,1,2,3
1,2,1,3,1
1,1,1,2,3
1,3,1,3,1
3,2,1,2,2
1,2,1,3,1
1,3,1,2,2
1,3,1,3,2
2,1,1,3,2
1,2,1,2,3
1,1,1,2,1
1,2,NA,3,2
1,2,1,3,2
1,2,1,2,2
1,2,1,2,1
1,2,1,3,1
1,3,1,3,2
1,2,1,1,1
1,2,2,1,1
1,2,1,2,2
1,1,2,2,2
1,2,1,2,2
1,2,1,3,2
1,3,2,3,2
1,2,1,2,3
1,2,1,2,3
2,1,1,2,2
2,2,1,2,2
1,1,2,3,1
1,3,1,2,1
1,1,2,2,NA
1,2,1,3,1
1,3,1,2,2
2,1,1,1,1
1,3,1,3,2
1,1,1,3,1
1,1,2,3,3
1,1,1,1,1
1,2,1,1,2
1,2,1,3,1
1,2,2,3,1
1,3,1,2,2
1,3,1,3,1
1,3,1,3,1
1,1,1,1,2
1,1,1,2,1
1,2,1,1,2
1,2,1,1,2
1,2,1,2,1
1,2,1,2,1
1,2,2,2,2
1,1,1,2,3
1,1,1,2,2
1,3,1,2,3
1,2,1,2,2
2,2,1,2,2
1,2,1,2,2
1,2,1,2,1
1,1,2,2,1
1,1,1,3,2
1,1,1,1,2
1,2,1,3,1
1,1,1,1,1
1,2,1,3,1
1,3,1,2,2
1,2,1,3,1
1,1,1,3,2
1,2,1,2,2
1,1,1,2,2
1,3,NA,2,1
2,2,1,1,2
1,1,1,2,1
1,3,1,2,2
1,2,1,3,2
1,1,1,3,1
2,2,1,2,2
1,1,1,3,1
1,2,1,1,2
1,2,1,3,1
2,1,1,3,2
1,1,1,2,1
1,2,1,3,1
1,2,1,2,2
2,3,1,3,2
1,1,1,3,2
3,2,1,2,3
1,3,1,3,2
2,3,1,2,1
1,3,2,2,1
1,2,1,2,1
1,2,2,3,2
1,2,1,3,1
1,1,1,1,NA
1,1,2,2,1
1,2,2,3,1
1,2,2,3,2
1,2,1,2,1
1,3,NA,3,1
1,2,1,3,1
2,3,1,3,2
1,1,1,3,1
1,2,1,2,2
1,2,1,2,2
1,2,1,2,1
1,2,1,3,1
1,3,1,2,3
1,3,1,3,1
1,2,1,3,1
1,2,1,2,1
1,2,1,3,2
1,1,1,3,2
2,2,1,3,2
1,2,1,3,1
1,2,1,3,1
1,2,2,2,2
1,3,1,3,2
1,3,1,3,1
1,1,1,3,2
1,1,1,3,1
1,1,1,2,1
2,2,1,2,1
1,2,1,2,2
3,2,2,3,2
1,3,1,2,1
1,3,1,3,1
2,1,1,3,2
1,2,1,2,1
2,2,1,2,2
1,2,1,3,2
1,3,1,3,2
2,1,1,3,2
1,1,1,2,1
1,2,1,2,1
1,2,1,3,3
1,2,1,3,1
2,1,1,3,3
1,1,1,3,2
1,2,1,2,3
1,2,2,3,2
1,3,1,2,2
1,2,1,3,1
1,1,2,3,1
1,3,1,3,1
2,1,2,2,2
1,2,1,2,1
1,2,2,3,1
1,2,1,3,2
1,2,1,3,2
1,3,2,2,1
1,1,1,2,1
1,2,2,2,1
1,2,1,2,2
1,2,2,3,1
1,2,1,2,1
1,1,1,3,2
1,1,1,1,1
2,2,1,2,1
1,2,1,3,1
1,2,1,2,1
1,1,1,3,3
1,3,1,2,2
2,2,1,1,2
1,1,1,2,3
1,1,1,3,3
1,1,1,2,2
1,1,1,2,1
1,1,1,2,2
1,1,1,2,1
1,1,2,3,2
1,1,1,3,3
1,1,1,2,1
1,1,2,3,1
1,1,1,2,2
2,2,1,3,1
2,1,1,3,2
1,2,1,3,1
1,1,1,3,2
2,2,1,2,1
1,1,1,2,2
1,1,1,3,1
1,3,1,2,1
1,3,1,3,1
1,1,1,2,2
1,1,1,3,2
1,1,2,2,2
1,1,1,3,2
1,3,1,2,2
1,1,2,3,1
1,2,1,2,1
1,1,1,2,2
1,1,1,3,1
1,3,1,1,3
1,2,1,3,1
1,2,1,2,1
1,3,1,3,3
1,3,1,3,2
1,1,1,3,3
1,1,1,2,1
1,2,1,2,3
1,1,1,1,1
1,2,2,2,1
1,2,1,3,2
1,2,2,3,1
1,1,1,3,3
1,2,1,1,1
1,1,2,3,1
1,1,1,3,2
1,1,2,3,1
1,2,1,3,1
1,1,1,2,2
1,1,2,3,1
1,2,2,3,2
1,2,1,3,1
2,1,1,1,1
1,2,2,2,1
1,1,1,2,2
1,2,1,3,2
1,2,2,1,2
1,1,1,3,2
1,2,1,3,2
1,2,1,3,2
1,2,1,3,2
1,2,1,3,2
1,2,1,3,1
1,2,1,2,1
1,2,1,3,2
1,2,1,3,1
1,2,2,3,2
1,1,2,3,3
1,2,1,3,1
1,2,1,3,2
1,2,1,3,2
1,2,1,2,2
1,2,1,3,2
1,2,1,2,2
1,2,1,3,1
1,2,1,2,3
1,3,2,2,1
1,2,1,2,2
1,2,1,2,1
1,2,2,3,1
1,2,1,3,2
1,1,1,3,3
1,3,2,3,2
1,1,1,3,2
1,2,1,3,2
1,2,1,2,1
1,1,1,3,3
1,3,1,3,1
1,2,1,1,2
1,2,1,2,1
1,1,1,2,1
1,3,1,2,2
1,1,1,3,2
1,2,1,3,1
1,2,1,3,2
2,3,1,2,2
1,3,1,2,1
1,1,1,2,2
1,1,2,1,2
1,2,2,3,1
1,2,1,3,2
1,2,1,2,3
1,1,1,2,2
1,2,1,2,2
1,2,1,3,1
1,2,1,3,2
1,1,2,2,1
1,2,1,3,2
1,2,1,2,2
1,3,2,3,2
1,2,1,3,2
2,2,1,3,2
1,3,1,3,2
1,2,2,2,1
1,3,2,2,3
2,1,1,3,2
1,1,1,2,2
1,1,1,2,2
1,1,1,2,1
1,1,1,2,1
1,3,1,3,2
1,2,2,3,3
1,2,1,1,3
1,2,1,3,2
2,2,1,3,1
2,1,1,3,2
1,1,1,3,3
1,1,2,2,2
2,2,1,2,1
1,2,1,3,2
1,2,2,1,2
1,2,1,2,2
1,2,1,3,2
2,2,1,2,2
1,1,1,2,2
1,2,1,3,1
1,2,1,3,1
1,2,1,3,1
1,2,1,3,1
1,1,NA,2,3
1,2,2,2,2
1,2,2,2,1
1,1,2,3,3
1,1,1,2,2
1,1,1,3,2
2,1,1,3,2
1,2,1,3,3
1,2,1,2,1
2,1,1,2,2
1,1,1,3,1
1,2,1,2,3
1,2,1,3,1
1,1,2,2,2
1,1,1,3,2
1,1,1,1,2
2,1,1,3,1
1,1,1,2,2
1,2,2,2,3
1,3,2,3,3
2,1,1,3,2
2,2,1,3,1
1,3,1,3,2
1,2,1,3,3
1,1,2,2,1
1,2,1,3,1
1,2,1,3,1
1,2,1,3,1
1,2,1,3,2
1,NA,1,2,3
1,1,1,3,1
1,1,1,3,1
1,1,1,2,1
1,2,1,3,2
1,1,1,2,1
1,2,1,2,2
1,1,1,3,1
1,2,1,3,2
1,1,1,3,1
1,1,1,1,1
2,1,1,3,1
1,1,1,3,2
1,1,2,1,3
1,1,1,3,1
1,2,2,2,2
1,2,1,2,2
2,3,1,3,3
1,1,1,3,3
1,3,1,3,1
1,3,1,2,1
1,2,1,2,3
1,2,NA,3,2
1,2,2,3,1
1,1,1,3,2
1,1,1,3,NA
1,1,2,1,1
1,2,1,3,2
1,2,1,3,2
2,2,1,3,3
1,2,1,2,1
2,2,2,3,1
1,2,1,1,1
1,1,2,3,2
1,3,1,2,3
1,3,1,3,2
1,3,2,3,1
2,1,1,2,1
1,2,2,3,2
1,3,1,2,1
1,2,1,3,1
1,1,1,3,1
1,3,1,3,2
1,2,2,3,1
1,1,1,2,2
1,2,2,3,2
1,3,1,3,2
1,2,1,3,1
1,1,1,NA,1
1,2,1,2,1
1,2,1,2,2
1,2,1,1,1
1,1,1,3,3
2,1,1,2,2
1,2,1,1,1
3,2,1,2,2
1,1,1,2,2
1,1,1,3,2
1,1,1,3,1
1,2,1,2,1
1,2,1,2,1
1,2,1,2,1
2,2,1,3,2
1,2,2,2,1
1,3,1,2,1
1,2,2,3,3
2,3,2,3,2
2,2,1,3,2
1,1,1,2,3
2,2,2,3,1
1,2,1,2,1
1,1,2,3,2
1,1,1,2,3
2,2,1,3,2
1,3,1,2,1
1,2,1,2,2
1,1,1,2,2
1,2,1,2,2
1,1,1,2,2
1,3,1,2,1
1,2,1,2,1
1,3,1,3,2
1,2,1,3,1
1,1,1,2,1
1,2,2,3,2
2,3,1,3,2
1,2,1,3,1
1,2,2,3,1
1,1,2,2,2
1,3,1,2,1
1,3,1,2,1
1,1,1,3,3
1,2,1,3,3
1,3,1,3,1
1,2,1,3,2
2,2,1,3,2
1,3,1,1,1
1,1,1,3,2
1,3,1,2,2
2,2,1,2,3
1,1,1,3,1
2,2,1,2,1
2,3,1,2,2
1,2,1,2,1
1,3,1,3,2
1,2,1,3,2
1,1,1,2,2
1,2,2,1,1
2,2,1,3,1
1,3,1,3,1
2,3,1,3,1
1,NA,2,2,1
1,3,1,3,2
3,2,1,3,2
1,1,1,2,1
1,1,1,3,1
1,3,1,3,3
1,1,1,3,2
1,2,1,3,1
1,2,1,2,1
1,1,1,2,1
1,2,1,2,1
1,1,2,3,1
1,2,2,3,2
1,1,2,3,2
2,2,1,3,1
1,1,1,2,2
2,2,1,1,1
1,2,NA,2,2
2,1,1,3,2
2,1,1,NA,3
2,1,1,3,1
1,1,1,3,1
1,1,1,2,3
2,1,1,3,2
1,3,2,2,2
1,3,2,2,3
2,2,1,3,3
1,2,2,2,2
1,2,1,2,1
1,2,1,2,2
1,2,1,3,1
1,2,1,2,1
1,3,1,3,3
1,3,2,1,2
1,2,2,2,1
1,1,2,2,1
2,2,1,3,2
1,2,1,3,3
1,2,1,2,2
2,1,1,3,1
2,2,1,3,2
2,2,2,3,1
1,1,1,2,3
1,2,1,2,1
1,1,1,3,1
1,2,1,3,2
1,1,1,2,2
2,2,1,2,2
1,2,1,3,1
1,3,1,1,2
1,2,1,3,3
1,2,2,3,2
2,1,1,3,2
1,3,NA,2,1
1,2,1,3,2
1,3,1,3,1
1,3,1,2,2
1,1,1,3,1
1,3,1,3,1
1,3,2,2,1
1,3,1,3,2
1,2,1,3,1
2,3,1,3,2
2,3,2,2,2
1,2,1,3,1
2,1,1,3,1
1,2,1,2,2
1,2,1,3,2
1,3,1,3,2
1,1,2,2,1
2,2,2,2,2
1,1,1,3,2
1,2,1,2,2
1,2,1,3,2
1,3,1,2,1
1,2,1,2,1
1,2,1,2,2
1,1,1,2,2
1,2,1,3,2
1,2,1,3,3
1,1,1,3,2
1,1,1,3,1
1,2,1,3,2
1,2,1,1,2
2,3,2,2,3
1,2,1,3,1
1,3,2,3,2
1,2,1,2,2
1,2,1,3,1
2,1,2,2,1
1,1,1,3,2
1,2,2,2,1
1,2,1,2,1
2,2,2,2,2
1,1,1,3,1
1,2,1,3,3
1,1,1,3,1
1,2,1,3,1
1,1,1,3,1
1,2,1,1,1
1,1,1,2,2
1,1,1,3,2
2,2,2,2,2
1,2,1,3,1
1,2,1,2,3
1,1,1,3,1
1,3,1,1,2
2,2,2,3,2
1,2,1,3,1
1,1,2,1,3
1,1,1,2,2
1,3,1,1,1
1,1,1,1,2
1,2,1,2,3
2,1,1,3,3
1,1,1,2,1
1,1,1,3,2
1,2,1,2,2
1,3,1,2,1
1,1,1,2,1
1,2,1,2,1
1,2,1,2,3
1,2,1,3,3
1,2,1,3,2
1,1,1,2,2
2,1,2,1,2
1,1,1,2,2
1,3,2,3,2
1,2,1,2,1
1,1,1,3,1
1,1,1,2,3
1,2,1,3,2
1,2,1,3,2
1,2,1,2,2
1,2,1,3,1
1,2,1,2,2
1,2,1,3,2
1,2,1,3,2
1,1,1,3,1
1,2,1,3,2
1,1,1,1,1
1,2,1,3,1
1,1,1,2,NA
2,3,1,2,3
2,1,1,3,2
1,2,1,2,1
2,1,1,3,1
1,2,1,2,2
1,1,1,2,1
1,1,2,3,1
1,2,1,2,2
1,1,1,3,1
1,1,1,3,1
1,2,1,2,2
1,1,1,2,1
1,1,1,3,1
1,1,1,1,2
1,1,1,2,2
1,2,1,2,1
1,1,1,2,2
1,1,1,3,2
1,2,1,2,2
1,1,1,3,1
1,3,1,3,3
1,2,2,3,1
1,3,2,3,2
2,1,2,3,2
1,2,1,2,1
1,1,1,3,1
1,2,1,3,1
2,2,1,2,2
1,1,1,3,2
1,1,1,2,2
1,1,2,3,3
1,2,2,2,2
1,3,1,1,1
1,2,1,2,2
1,2,2,3,1
1,3,2,2,2
1,1,1,1,1
1,1,1,3,2
2,1,1,3,2
1,2,1,2,2
1,2,1,3,2
2,3,1,2,1
2,2,1,3,3
2,2,1,2,1
1,1,2,2,2
1,2,1,1,2
2,1,1,3,3
1,1,1,3,2
1,2,1,2,3
1,2,1,3,1
1,2,1,3,3
1,1,1,3,1
1,1,1,3,1
1,1,1,3,2
1,1,1,NA,2
1,2,1,2,3
1,1,1,3,2
1,2,1,3,1
1,3,1,2,2
1,2,1,3,1
1,3,1,2,2
1,1,1,2,1
1,2,1,3,2
2,2,1,1,2
1,2,1,3,2
1,2,1,1,1
1,2,1,3,1
1,3,2,3,2
2,2,1,3,2
1,2,1,2,1
1,2,2,2,1
2,2,1,3,1
1,2,1,2,1
1,2,1,3,2
1,1,1,3,2
1,2,1,3,1
1,2,2,3,2
1,1,1,3,2
1,2,1,2,2
2,1,1,3,2
2,3,1,3,2
1,2,2,2,1
1,2,1,NA,1
1,2,1,3,2
1,2,2,2,1
1,1,1,2,1
1,2,1,3,1
1,2,1,3,2
1,2,2,3,2
1,2,NA,3,3
1,1,1,2,1
1,1,1,2,1
1,3,1,2,2
2,2,1,3,2
1,2,1,3,1
2,1,1,3,NA
1,2,1,1,1
1,1,1,3,1
2,2,1,2,2
1,2,1,3,2
1,1,1,2,1
1,1,1,2,2
2,1,1,3,1
1,2,1,3,1
1,1,1,3,2
1,1,1,2,2
2,1,1,3,2
1,2,1,2,2
1,2,1,2,1
3,3,1,3,2
1,1,1,2,1
1,3,1,3,1
1,1,1,3,3
1,2,1,NA,2
1,1,1,3,1
1,1,1,3,2
1,2,1,3,1
1,1,1,3,2
2,1,1,2,1
1,2,1,3,1
2,2,1,3,2
1,2,1,2,1
1,3,1,3,2
1,1,1,2,2
1,1,1,2,2
1,3,1,2,1
1,3,1,2,1
1,2,1,3,2
1,2,1,2,2
1,2,1,3,1
1,2,1,2,1
1,2,1,3,1
1,1,1,3,1
1,2,1,2,2
1,2,1,2,1
2,2,1,2,1
1,1,1,3,1
1,1,1,3,3
2,1,1,NA,2
1,1,1,3,1
1,3,1,2,2
1,3,2,3,2
1,2,NA,1,2
1,1,1,2,2
1,1,1,2,2
1,1,1,2,2
1,2,1,3,3
1,1,1,3,1
1,1,1,1,1
1,2,1,2,1
2,2,1,2,2
1,2,1,3,1
1,3,2,3,2
2,3,1,3,1
1,1,1,3,3
2,1,2,2,2
1,2,2,3,2
1,2,1,3,3
1,1,2,3,1
1,3,1,3,1
1,1,1,2,1
1,2,2,3,3
1,1,1,2,1
1,2,2,2,2
1,3,1,3,2
1,2,NA,3,2
1,2,2,2,2
1,3,1,3,1
1,3,1,1,1
1,3,1,2,2
1,1,1,3,2
1,2,2,1,1
1,1,1,3,2
1,3,1,3,1
1,1,1,2,2
1,1,1,3,1
1,2,1,3,2
1,2,2,2,1
1,1,2,3,1
1,2,1,2,1
1,2,1,3,2
1,2,1,3,2
1,2,1,1,1
1,3,1,3,2
1,1,1,3,1
1,2,1,3,2
2,2,1,3,1
1,2,1,2,1
1,2,1,3,1
1,2,2,2,2
1,2,1,2,1
1,1,1,3,2
1,1,1,3,3
1,2,1,3,1
1,2,1,2,1
1,1,1,3,2
1,1,2,3,1
2,2,2,3,1
1,2,1,2,2
1,2,1,3,2
1,2,1,3,2
1,2,1,2,2
1,2,1,3,1
1,2,2,3,2
1,1,1,3,1
1,2,1,3,2
1,2,1,2,1
2,2,1,3,2
1,2,1,3,1
1,2,1,2,2
1,2,1,1,2
2,2,1,2,1
1,2,1,2,1
1,2,1,3,2
2,3,1,3,1
1,2,1,2,1
1,1,1,3,2
1,2,1,2,1
1,1,1,2,2
1,3,1,3,2
1,3,1,2,3
2,1,2,3,2
1,1,1,2,2
2,1,1,3,1
1,2,1,1,3
1,3,1,3,1
1,2,1,1,2
1,1,2,1,2
1,2,1,3,2
1,3,2,2,3
1,2,1,NA,1
1,3,1,3,2
1,1,2,3,2
1,1,2,2,2
1,3,2,2,1
1,3,2,3,2
1,1,2,2,3
1,2,1,2,2
1,1,2,3,1
1,3,1,3,2
1,3,1,3,2
1,2,2,2,3
1,2,1,2,1
1,2,1,3,1
1,2,1,1,1
1,2,1,3,1
1,1,1,3,2
1,2,1,3,2
1,2,1,2,2
2,2,2,2,2
1,1,1,2,2
1,2,1,2,1
1,2,1,2,2
1,3,1,2,2
1,1,1,1,1
2,3,1,3,1
1,2,1,3,2
2,3,2,2,1
1,2,2,3,3
1,1,1,2,2
1,3,1,3,3
1,2,1,3,3
1,3,NA,2,3
1,3,1,2,1
1,2,1,3,2
1,1,1,3,1
1,1,1,2,2
1,1,1,2,2
2,2,NA,3,2
1,3,1,3,2
1,3,1,3,1
1,2,1,2,1
1,2,1,3,2
2,2,1,3,2
1,2,1,3,3
1,2,2,3,2
2,2,1,2,3
1,2,1,2,1
1,1,1,3,1
1,1,1,2,3
2,2,2,2,2
2,3,1,2,3
1,3,1,3,2
1,3,1,2,2
1,1,1,3,2
2,1,1,2,1
1,2,2,1,2
1,1,1,1,2
1,2,2,2,2
1,2,1,3,1
1,2,1,3,1
1,3,1,2,1
1,3,2,3,2
2,2,2,2,2
1,1,1,2,1
1,2,1,2,2
1,2,1,1,2
1,1,1,1,1
1,2,1,3,2
1,2,1,3,1
1,1,1,3,2
1,3,2,3,2
1,1,1,2,2
1,2,1,3,2
1,1,1,2,1
1,2,NA,3,2
1,2,1,3,2
1,1,2,2,2
1,2,2,3,2
1,2,2,2,1
1,1,1,2,1
1,2,1,3,1
1,1,1,2,2
1,3,2,2,1
1,2,1,2,1
1,2,2,3,1
2,2,1,3,3
2,1,1,1,1
1,2,1,3,2
1,2,1,2,2
1,1,1,3,2
1,3,1,2,2
1,1,1,3,1
1,2,1,3,1
3,2,1,2,2
3,1,1,3,2
1,2,1,2,2
1,1,2,3,1
1,3,2,3,2
1,2,1,3,2
2,2,1,3,2
1,3,1,2,3
1,2,1,3,NA
1,3,1,3,1
1,2,2,2,1
1,1,1,3,2
1,1,1,3,1
1,2,2,2,2
1,1,1,3,2
1,2,1,3,2
2,3,1,2,2
2,2,1,3,2
1,1,1,2,1
1,2,2,3,2
1,3,1,3,1
1,1,1,3,1
1,2,1,2,1
1,1,1,3,2
1,3,1,3,1
1,2,1,2,2
1,1,1,3,2
1,1,1,3,1
1,1,1,3,2
1,3,1,2,1
2,1,1,3,2
1,1,1,3,1
1,1,1,2,2
1,2,1,2,2
1,2,1,2,1
1,2,1,2,2
2,1,1,3,2
1,1,2,2,1
1,1,1,2,3
2,3,1,2,2
1,3,1,2,2
2,3,1,1,1
1,3,1,2,2
2,1,1,3,1
1,1,1,2,1
1,3,2,1,3
1,2,1,1,2
1,1,1,2,2
1,2,1,NA,1
1,3,1,3,2
1,1,1,3,2
2,3,2,2,2
1,1,1,3,1
1,1,1,2,2
1,2,1,2,2
1,3,2,2,1
1,3,1,3,2
1,2,1,3,1
1,3,1,3,2
1,3,1,3,1
1,1,1,NA,2
1,2,1,3,1
2,3,1,2,2
1,1,1,3,2
2,2,1,3,2
1,1,1,3,2
1,2,2,1,1
2,2,1,3,2
1,2,1,3,1
2,1,1,3,2
1,1,2,3,1
1,2,1,NA,2
1,2,1,2,2
1,2,1,2,1
2,2,1,2,1
1,1,2,1,1
1,1,1,3,2
2,1,1,3,1
1,1,1,2,NA
1,1,1,2,1
1,1,1,3,2
1,2,1,3,1
1,1,2,3,3
1,2,1,1,1
1,2,2,3,2
1,2,2,2,1
1,2,2,3,2
1,2,1,3,1
1,1,1,2,1
2,2,2,3,2
1,1,1,3,1
1,2,1,NA,1
1,3,1,2,2
1,3,1,3,2
2,2,1,3,2
2,2,2,3,2
2,2,2,2,1
1,2,1,3,1
1,1,1,2,3
2,1,1,3,2
1,1,1,2,2
2,2,1,3,1
2,2,NA,1,1
1,2,1,3,1
1,2,1,3,1
1,2,1,2,3
1,2,1,3,2
1,2,1,3,2
1,2,1,1,2
1,3,1,2,3
1,1,1,3,1
1,2,1,3,2
1,2,2,3,1
1,2,1,3,2
1,2,1,2,1
1,1,1,3,2
1,2,1,2,1
1,2,1,3,1
1,3,1,2,1
1,1,1,2,1
2,2,1,3,1
1,1,1,2,1
1,1,1,3,2
1,1,1,1,2
1,2,1,3,1
1,2,1,3,2
1,2,2,3,2
1,2,1,2,2
2,1,1,3,2
1,1,1,3,1
1,1,1,3,1
1,3,1,1,2
2,3,1,3,2
1,2,1,2,3
1,2,2,3,2
1,2,1,1,1
2,2,NA,3,1
1,1,1,3,2
1,1,1,2,1
1,2,1,3,2
2,2,1,3,2
1,3,1,3,2
2,2,1,2,2
1,2,1,2,1
2,1,1,2,2
1,1,1,2,1
1,3,1,2,1
1,3,2,3,2
2,1,1,3,3
1,3,1,2,1
1,1,1,3,2
1,2,2,3,3
1,2,1,3,2
2,2,1,3,3
1,1,1,2,2
1,3,1,3,3
1,2,1,3,2
1,2,1,3,2
1,2,1,2,1
1,3,1,2,2
1,1,2,2,1
1,2,1,3,2
1,1,1,2,2
1,2,2,3,2
1,2,1,2,1
1,3,1,2,1
1,1,1,3,2
1,1,1,3,1
1,2,1,3,1
1,3,1,3,1
1,3,1,2,2
1,2,2,NA,1
1,2,1,1,1
1,3,1,3,2
2,2,1,2,2
1,1,2,2,1
1,1,2,3,2
1,1,1,3,2
1,2,1,3,1
2,2,1,1,2
1,2,1,2,2
1,2,1,3,3
1,2,1,3,2
1,1,1,3,1
2,1,1,3,3
1,3,1,2,1
2,1,2,3,1
1,1,1,2,1
1,2,1,3,3
1,2,1,3,1
1,1,1,2,2
1,2,1,3,1
1,1,1,3,2
1,2,2,2,2
1,2,1,3,1
2,1,1,2,1
1,2,1,2,3
1,2,1,2,2
1,2,2,3,1
1,1,1,2,1
1,1,1,3,2
1,1,1,3,1
1,2,1,2,2
1,2,1,3,1
1,2,1,2,2
1,2,1,2,2
1,1,1,3,2
2,1,1,2,1
1,2,2,2,1
1,2,2,2,1
2,1,NA,3,2
1,3,1,2,1
1,2,1,3,1
1,3,1,3,2
1,3,1,3,1
1,1,1,2,2
1,2,1,3,2
1,1,1,3,1
1,1,2,3,2
1,2,1,3,2
1,1,1,3,1
1,2,2,3,2
1,2,1,2,3
1,3,1,3,1
2,1,1,3,2
1,3,1,3,1
1,2,1,3,2
2,3,1,2,1
1,2,2,3,2
1,1,1,2,2
1,2,2,3,2
1,2,1,3,1
1,2,1,3,2
1,2,2,2,2
1,3,1,3,1
1,2,1,1,2
1,2,2,3,2
2,2,1,2,1
1,1,2,2,1
1,1,1,3,1
2,1,1,3,1
1,1,1,2,1
1,2,1,3,1
1,2,1,2,2
1,2,1,2,2
1,2,1,2,2
2,3,1,3,2
2,1,1,3,1
1,1,2,2,1
1,2,1,2,2
1,3,2,2,2
2,2,1,2,1
1,1,1,3,2
1,2,1,3,2
1,1,1,3,2
2,1,1,2,3
2,1,1,NA,1
1,2,1,3,2
1,1,1,3,2
1,2,1,2,1
1,2,1,3,2
1,2,1,2,2
1,2,1,2,1
1,2,2,3,1
1,1,1,2,1
1,2,1,3,1
1,1,1,2,2
1,2,1,3,1
1,2,1,3,3
1,2,1,2,1
1,1,1,3,2
1,3,2,3,2
1,3,1,2,2
1,2,1,3,2
1,2,1,3,3
1,1,2,3,2
1,2,1,3,2
1,3,1,2,2
1,2,1,2,2
1,2,1,3,2
1,2,1,3,1
1,1,1,2,2
3,1,2,3,1
1,1,1,3,1
1,1,1,3,1
1,2,1,2,1
1,3,1,NA,1
1,2,2,3,2
1,2,1,3,2
1,1,1,2,1
2,1,1,2,2
2,1,1,3,2
1,2,1,2,1
1,1,1,2,1
2,2,2,3,1
2,1,2,3,2
1,2,1,3,2
1,1,1,3,2
1,2,1,3,2
1,2,1,3,1
1,3,2,3,1
1,3,1,2,1
1,2,1,3,2
1,2,1,2,2
1,2,1,3,1
1,1,1,3,3
1,1,2,3,2
1,2,1,2,3
1,1,1,3,2
1,2,1,2,1
1,2,2,2,3
1,2,1,2,2
1,3,1,3,3
1,2,1,2,2
1,2,1,3,1
1,1,1,1,2
1,2,2,3,1
1,1,1,2,2
1,2,1,3,1
1,1,2,2,1
1,1,1,2,2
1,2,1,2,3
2,2,1,3,1
2,2,1,2,1
1,2,1,3,2
2,2,1,2,1
1,2,1,3,1
3,3,1,2,1
2,1,1,3,2
1,2,1,2,2
1,3,1,3,1
1,2,2,2,2
2,3,1,3,1
1,3,1,3,1
1,2,1,3,2
1,2,2,3,3
1,3,1,3,1
1,2,1,2,1
1,2,1,2,1
1,2,2,2,1
2,3,1,3,2
1,1,1,1,1
1,1,1,3,2
1,1,1,3,1
1,2,1,3,1
2,2,1,2,1
1,2,1,3,2
2,1,1,3,2
1,1,1,2,1
1,2,1,3,2
2,1,1,3,3
1,2,1,3,1
1,2,1,3,3
2,2,1,3,1
1,3,1,3,2
1,1,1,3,1
1,2,1,NA,2
1,2,1,3,2
1,2,1,2,2
1,1,1,2,1
1,3,1,3,1
2,2,1,3,3
1,2,1,2,2
1,3,1,3,1
1,2,2,3,1
1,2,1,2,2
2,1,1,1,1
1,3,NA,3,2
1,2,1,3,2
1,2,1,3,1
1,3,2,3,1
1,2,1,3,1
2,3,1,2,3
1,2,1,2,2
2,2,1,3,1
1,2,1,3,3
2,3,1,3,2
1,2,2,2,2
1,1,1,3,1
1,2,1,3,1
1,2,2,3,2
2,1,1,2,3
1,1,1,3,1
1,2,1,3,2
1,1,2,3,1
1,2,2,2,1
1,2,2,3,3
1,2,1,3,3
3,1,1,2,2
2,1,1,3,1
1,2,1,NA,1
1,1,NA,2,2
1,2,1,3,1
2,1,1,3,1
2,1,2,2,1
1,2,2,3,2
1,3,1,3,1
1,3,1,2,3
1,2,2,1,1
1,2,1,2,2
1,2,1,3,2
1,2,1,2,2
1,2,1,2,2
1,2,1,3,1
1,3,1,2,2
1,1,1,2,1
1,1,1,2,1
1,1,1,3,1
1,2,1,3,3
1,3,1,3,1
1,2,2,3,2
1,2,1,2,1
1,2,1,2,1
1,1,1,2,1
1,1,1,3,2
1,1,1,3,1
2,1,1,2,3
1,1,2,2,1
1,2,1,3,3
1,1,2,2,2
1,2,1,2,1
1,2,1,3,2
3,2,1,3,2
1,1,1,3,2
1,1,2,NA,1
1,1,1,2,3
1,2,1,3,2
1,1,2,2,2
1,3,1,3,2
2,2,1,2,2
1,2,1,NA,2
1,1,1,NA,1
2,2,1,3,2
1,1,1,2,2
2,2,1,3,2
1,2,1,NA,1
1,1,1,NA,1
1,2,1,2,3
1,1,2,3,1
2,2,1,3,1
1,1,1,2,1
1,2,1,3,1
1,3,1,2,1
1,2,1,2,1
1,1,1,3,1
1,1,1,2,2
1,1,2,3,1
1,2,2,3,3
1,1,1,NA,3
1,2,1,2,2
1,1,1,1,2
2,2,1,3,2
1,2,1,1,1
1,1,1,3,2
1,3,1,3,1
1,3,2,2,1
1,2,1,2,1
1,2,1,2,1
1,1,1,3,NA
1,2,1,2,3
2,2,1,NA,2
1,2,1,3,1
1,2,1,3,1
2,1,1,1,2
1,1,1,2,3
1,2,1,2,3
1,2,2,2,2
1,1,1,3,1
1,3,1,3,2
1,2,1,2,2
1,1,1,2,2
1,2,1,1,3
1,3,2,1,1
1,2,1,3,1
1,3,1,2,1
1,2,1,3,1
1,2,1,2,1
1,1,1,2,1
1,1,1,3,2
1,1,1,3,3
1,2,1,2,1
1,1,1,2,1
1,2,2,2,2
1,3,2,2,1
1,2,1,3,1
2,1,1,3,1
1,2,1,3,1
1,2,1,3,2
1,3,1,2,2
1,2,1,2,2
1,1,1,3,3
1,2,1,3,2
1,2,1,NA,1
1,1,2,3,1
1,2,1,2,1
1,2,1,2,NA
1,3,1,2,3
1,3,2,2,2
1,2,1,3,2
1,1,2,2,1
1,2,1,3,2
2,2,1,3,2
1,1,1,3,1
2,3,1,2,1
1,1,1,3,2
1,2,2,3,3
1,2,1,2,1
1,2,2,2,2
1,1,1,2,2
1,1,1,3,2
1,3,NA,2,2
1,2,1,1,3
1,2,1,3,2
1,1,1,3,NA
1,1,2,2,2
1,1,1,2,2
1,2,2,2,3
1,2,1,2,2
1,1,1,2,2
1,3,1,2,2
1,2,1,2,2
2,3,1,2,2
1,2,1,3,2
1,1,1,2,2
1,2,1,3,1
1,3,1,2,2
1,2,1,2,1
1,2,1,3,1
2,2,1,2,3
1,2,1,3,1
1,2,1,3,1
1,2,1,3,2
1,2,1,2,2
1,1,1,3,2
1,2,1,3,2
1,1,1,2,1
1,1,1,3,2
2,1,1,NA,2
1,2,1,2,1
1,2,1,2,1
2,2,2,3,2
2,1,1,3,1
1,2,1,3,1
1,1,1,2,2
1,2,2,3,2
1,2,2,3,1
1,2,1,3,1
1,1,1,3,2
1,1,1,NA,3
1,2,1,2,2
1,2,1,NA,1
1,3,1,1,2
1,1,1,3,1
1,1,2,3,2
1,2,1,3,1
1,1,1,3,1
1,3,1,3,2
1,3,1,2,1
1,1,1,2,2
1,1,2,NA,1
1,1,2,2,1
1,2,2,3,1
1,2,2,3,1
1,2,1,3,1
2,2,1,1,1
2,2,1,3,2
1,2,1,2,1
1,1,1,3,2
1,3,1,2,1
1,2,2,NA,2
1,1,1,2,1
1,2,1,NA,1
1,3,1,3,1
1,2,1,3,1
1,3,1,2,3
1,2,1,3,2
1,2,1,3,1
1,3,1,3,1
2,2,1,2,2
1,2,1,3,2
1,2,1,3,2
1,1,2,NA,2
2,2,1,2,2
1,1,2,2,2
1,2,1,3,1
1,2,1,2,1
1,1,1,3,3
1,1,1,3,1
1,1,2,3,2
1,3,1,3,1
1,1,1,3,1
1,1,1,2,2
2,2,1,3,2
1,1,1,NA,2
1,1,1,3,1
1,1,2,2,1
1,2,1,3,1
1,2,1,3,2
1,2,1,3,1
1,3,2,2,1
1,3,2,3,2
1,2,1,2,2
1,2,1,2,2
2,1,1,3,1
1,2,1,2,1
1,1,1,3,3
1,3,2,2,2
3,2,1,3,3
2,3,1,3,2
1,2,1,2,2
2,2,1,3,3
1,2,1,2,1
1,2,1,2,1
1,2,2,3,3
2,3,2,3,1
1,2,2,2,1
1,3,1,NA,1
1,2,1,2,1
1,2,1,NA,2
1,2,2,2,1
1,1,2,3,2
2,2,1,3,2
1,2,1,3,2
1,2,1,3,3
1,2,1,2,2
1,2,1,3,1
1,1,1,3,1
1,1,1,NA,1
1,3,1,2,2
1,1,1,2,3
1,1,2,3,1
1,2,1,3,2
1,1,1,3,2
1,2,1,3,1
1,3,1,3,1
1,1,1,2,1
1,2,1,3,2
1,2,1,3,2
1,1,1,3,1
1,2,2,3,2
1,1,1,2,1
1,1,1,3,2
1,2,2,2,2
1,2,1,3,2
2,3,2,2,2
2,2,1,2,1
2,2,1,2,2
1,1,1,2,2
1,1,1,2,3
1,2,2,1,1
1,2,1,3,1
1,1,1,3,1
1,2,1,2,2
1,2,1,3,2
1,1,1,1,2
1,1,2,3,2
1,3,1,2,1
1,2,1,3,2
1,2,1,3,1
1,3,1,3,3
3,2,2,2,2
1,2,1,3,2
1,3,1,2,1
1,2,1,2,2
1,2,1,2,2
1,3,1,3,3
1,2,1,2,1
1,1,1,3,2
1,2,2,2,1
2,3,1,3,1
1,2,1,3,1
1,1,1,2,2
1,1,1,3,1
1,2,1,3,2
1,3,2,NA,2
1,1,1,3,2
1,2,1,2,2
2,2,NA,2,1
1,2,2,2,1
1,1,1,2,1
1,3,2,2,2
1,3,1,3,2
1,2,2,3,2
1,1,1,3,1
1,2,1,3,1
1,2,1,3,1
1,1,1,NA,1
1,1,1,1,1
1,1,1,3,2
2,1,1,3,3
1,2,1,2,2
1,1,1,3,2
1,1,1,3,1
1,3,1,2,2
1,1,1,2,3
2,1,1,3,3
1,2,1,3,1
1,1,1,NA,1
1,3,1,3,2
1,2,1,3,3
2,2,1,3,2
1,2,1,3,1
1,2,1,3,1
1,1,1,3,3
1,1,1,3,1
1,3,1,3,1
1,1,1,2,2
1,1,1,3,2
2,3,1,2,2
1,1,1,2,3
1,3,1,2,1
1,2,1,3,1
2,3,1,2,2
1,3,1,3,1
1,2,1,2,1
2,1,2,2,1
1,1,1,3,2
1,1,1,2,1
2,3,1,3,1
1,1,1,1,1
1,1,1,2,2
2,3,2,2,2
1,3,1,1,2
1,2,1,2,1
1,2,2,3,2
2,1,1,2,1
1,1,1,2,2
1,3,1,2,2
1,1,1,3,1
1,3,1,3,2
2,2,1,2,2
1,1,1,3,2
1,2,1,3,1
2,2,2,3,2
2,1,1,3,1
1,2,1,2,2
1,1,1,3,2
2,3,2,3,1
1,1,1,2,1
1,2,1,3,2
1,2,1,2,2
1,2,1,2,1
1,1,1,3,2
1,1,2,2,2
1,2,1,3,3
1,2,2,3,1
1,1,1,3,2
1,2,1,2,1
1,1,1,3,3
1,2,1,2,2
1,2,1,3,2
1,2,1,1,1
1,1,1,NA,1
1,2,1,2,2
1,2,1,3,1
1,2,2,3,2
1,2,1,3,2
1,2,1,3,1
1,2,2,3,2
1,1,1,1,1
2,2,1,3,2
1,1,1,3,2
1,1,1,2,2
1,1,1,3,1
1,3,1,3,1
1,2,1,3,2
1,3,1,2,2
1,1,1,2,1
1,2,1,2,2
1,2,1,3,2
2,2,1,3,1
1,1,2,2,2
1,2,1,3,1
2,2,2,3,3
1,1,1,2,1
2,1,2,2,2
1,1,1,2,1
1,2,1,2,1
1,1,1,1,2
1,3,2,2,1
1,2,1,3,1
1,2,1,2,2
2,1,2,2,1
1,2,1,3,2
1,1,1,2,1
1,3,1,2,1
1,2,1,2,1
1,2,1,3,2
1,1,2,3,2
1,1,1,2,3
2,3,2,2,1
1,2,1,3,3
1,2,1,2,2
1,2,1,2,2
1,3,1,2,2
1,2,1,3,3
1,3,2,3,3
1,1,1,3,1
1,1,1,3,3
1,1,1,1,1
1,1,2,1,1
2,3,1,3,3
1,1,2,3,1
1,3,1,1,1
1,1,1,2,1
2,3,2,3,2
1,1,1,3,1
1,2,1,3,1
2,1,1,2,1
1,2,2,1,1
1,1,2,NA,3
2,1,2,3,1
1,2,1,3,1
1,3,2,NA,3
1,2,1,3,2
1,2,1,NA,1
2,2,1,2,1
1,2,2,NA,2
1,1,1,3,1
1,3,1,3,2
1,1,1,NA,1
2,2,2,3,1
2,1,1,2,1
1,2,2,2,3
1,1,1,3,2
2,2,1,3,2
1,1,2,3,2
2,1,1,3,1
1,2,2,3,2
1,2,1,2,1
1,1,1,3,1
1,2,1,2,2
1,3,1,2,3
1,2,1,3,2
1,1,1,3,1
1,2,1,3,1
1,1,2,2,2
1,2,1,3,2
1,1,1,NA,2
1,1,1,NA,1
1,1,1,3,1
2,1,1,3,2
1,2,1,1,2
1,2,1,3,2
1,1,1,2,3
1,1,1,3,1
1,1,1,2,2
1,1,2,3,2
1,1,1,2,2
1,2,1,3,2
1,2,1,2,2
2,1,1,2,1
1,1,1,3,2
2,2,1,2,2
1,2,1,3,1
1,2,1,3,1
1,2,1,1,1
1,1,1,2,2
1,2,2,3,2
1,3,1,3,1
1,2,1,NA,3
1,3,1,3,3
1,1,1,2,2
1,1,1,2,1
1,3,2,3,1
1,1,1,3,2
1,2,1,2,2
1,2,1,3,1
2,1,1,3,1
1,2,2,3,2
1,2,1,3,2
1,1,1,3,2
1,2,1,3,2
1,2,1,3,1
1,3,1,3,1
1,1,2,3,1
2,1,1,3,2
1,2,1,2,2
1,3,1,3,2
1,3,1,3,2
1,1,1,3,1
2,3,1,3,1
1,2,1,2,1
1,2,1,3,2
2,1,1,1,2
1,1,1,2,3
1,2,1,2,1
1,1,1,1,2
2,1,1,3,1
1,1,1,2,1
1,3,2,3,3
2,2,1,3,2
1,1,2,2,1
1,2,1,3,2
1,3,1,2,1
1,2,1,2,1
1,2,1,3,2
1,1,2,2,1
1,1,1,3,1
1,2,1,3,2
1,1,1,3,3
1,2,1,3,2
1,2,1,3,1
1,1,1,2,1
1,3,1,2,2
1,2,1,3,1
1,2,1,3,1
1,1,1,2,1
1,2,1,2,1
1,2,2,2,2
1,2,1,3,1
1,3,1,3,2
2,1,1,2,1
1,2,1,3,2
1,2,1,3,2
2,2,1,3,2
2,2,1,1,3
1,2,NA,3,1
1,2,1,2,3
1,2,1,3,2
1,1,1,2,2
1,2,1,3,1
1,2,1,3,3
2,2,2,2,1
1,1,1,2,1
1,1,1,2,1
1,1,1,2,1
1,1,1,3,2
1,3,1,2,1
1,2,1,2,1
2,2,1,3,2
1,3,1,3,1
2,3,1,2,3
1,2,1,3,2
1,2,1,2,2
1,2,1,3,2
1,3,1,2,1
1,1,1,3,2
1,1,1,3,2
1,2,2,2,3
1,1,1,3,1
2,3,1,3,2
1,3,1,3,1
1,2,1,3,2
2,1,1,1,3
1,2,1,2,1
1,2,1,2,1
1,1,1,3,1
1,2,1,1,1
1,2,1,2,1
2,2,1,2,2
1,1,1,3,NA
1,2,1,2,2
1,2,1,2,1
1,1,1,2,2
1,3,1,NA,2
1,3,2,3,3
1,2,1,3,2
1,2,1,2,1
1,2,1,3,1
1,1,1,3,2
1,3,1,2,2
1,1,1,3,2
1,2,1,3,3
1,2,1,3,2
1,3,1,3,1
1,1,1,NA,1
1,1,1,2,2
1,1,2,2,2
1,2,1,2,2
1,1,2,2,2
2,2,2,2,2
1,1,1,2,2
1,2,1,NA,2
1,1,1,1,1
1,2,1,3,1
2,3,1,3,2
1,2,1,2,1
1,2,2,3,1
1,1,1,3,1
1,1,2,1,1
1,1,2,1,1
1,1,1,3,1
1,2,1,2,2
2,2,1,3,2
1,1,NA,3,2
2,1,1,2,2
1,1,1,3,3
1,1,1,3,2
2,3,1,3,2
1,2,1,NA,2
1,1,1,2,2
1,3,1,3,1
1,1,1,3,3
1,2,1,3,2
1,3,1,3,2
1,3,1,2,2
1,1,1,2,1
1,1,1,3,1
1,1,2,2,1
1,2,2,3,2
1,1,1,1,2
1,1,1,3,2
1,2,1,3,2
1,1,1,2,1
2,2,1,2,1
1,1,1,3,2
2,2,1,3,2
1,3,1,3,1
1,2,1,2,1
2,2,2,3,1
1,2,1,3,2
1,3,1,1,1
2,2,1,3,2
2,2,1,2,2
2,2,1,3,1
1,2,1,2,1
1,2,1,3,1
1,1,1,3,1
1,2,1,3,1
1,2,2,2,1
1,1,1,3,2
1,2,1,3,2
1,2,2,3,3
1,3,1,3,2
2,1,1,2,2
1,2,1,3,1
1,3,1,2,2
1,2,1,3,1
1,2,1,3,2
2,2,1,3,1
1,2,1,3,1
1,2,1,1,3
2,1,2,3,2
2,3,1,3,1
1,2,1,2,1
2,3,1,1,2
1,2,2,2,3
1,1,1,3,2
1,1,1,2,2
1,3,1,3,3
1,2,1,3,1
2,2,1,3,1
2,2,1,3,2
1,1,1,3,2
1,1,1,3,2
3,3,2,2,1
1,3,1,3,2
1,2,1,2,2
1,2,1,3,1
1,2,1,2,1
1,2,1,2,1
1,2,1,2,1
1,2,2,2,3
1,3,1,3,1
1,2,NA,2,2
1,2,1,2,1
1,1,2,2,2
1,2,1,2,2
1,1,1,3,1
1,2,1,3,2
1,1,2,3,1
1,2,1,2,1
1,1,1,3,1
1,1,2,3,1
1,3,2,2,2
1,1,1,1,3
1,3,1,2,2
1,3,1,3,2
1,2,2,3,1
1,1,1,2,1
1,2,1,2,1
2,3,1,2,1
1,2,1,3,1
1,1,1,3,1
1,3,2,3,1
1,2,1,1,1
1,2,1,2,1
2,1,1,2,1
1,3,1,1,1
1,2,1,2,1
1,3,1,1,3
1,1,1,3,1
1,1,2,1,1
1,1,1,NA,1
1,2,1,3,1
1,1,1,3,2
1,1,NA,3,1
1,2,1,2,2
1,2,1,3,2
2,2,1,2,1
1,2,1,3,1
2,2,1,1,1
1,1,1,3,2
1,1,1,2,3
1,2,1,3,1
1,1,1,2,1
1,2,1,3,2
1,1,2,3,3
1,3,1,3,2
2,2,2,3,2
1,1,1,3,2
2,2,1,2,1
1,1,1,3,3
1,2,1,2,1
1,2,2,3,3
1,3,1,1,2
1,3,1,2,1
1,2,1,3,1
1,2,1,3,1
1,3,1,3,1
1,1,1,3,1
1,2,1,2,2
1,2,2,3,1
1,2,1,2,1
1,3,1,3,2
1,1,1,2,1
1,2,1,2,2
1,2,1,2,2
1,2,1,3,2
1,3,1,2,2
1,3,1,2,1
1,2,1,3,3
1,2,2,3,1
1,2,2,2,1
1,1,1,2,2
1,1,1,2,3
2,3,1,2,2
1,2,2,2,2
1,1,1,3,2
1,1,2,2,2
1,2,1,3,1
1,1,1,3,1
2,1,1,3,1
1,1,1,2,2
1,1,1,3,2
1,2,1,3,1
1,1,1,3,3
1,2,1,2,2
1,1,1,1,1
1,1,1,1,2
1,2,1,3,2
1,2,1,2,2
1,2,1,2,1
1,3,1,2,1
1,3,1,3,1
1,1,1,3,2
2,2,1,2,2
1,3,2,2,2
1,2,2,2,1
1,3,2,3,2
1,1,1,2,1
2,1,1,3,1
2,2,1,NA,1
1,3,1,3,1
1,1,1,1,2
1,2,1,2,2
1,1,1,3,3
2,2,2,2,2
2,2,1,2,1
1,1,1,3,2
1,2,2,3,1
1,2,1,2,1
1,2,1,3,3
2,2,1,2,1
1,2,1,3,1
1,2,1,3,1
1,1,2,3,1
1,1,1,3,2
1,2,2,2,1
1,1,1,2,2
1,2,1,3,1
3,2,1,2,2
1,2,1,3,1
1,3,2,2,2
2,2,1,3,1
1,2,1,1,2
2,2,1,2,3
1,2,1,3,1
1,1,1,3,2
1,3,2,3,3
2,3,1,3,2
1,2,1,3,2
2,3,1,1,1
1,2,1,2,3
1,3,1,2,1
1,1,1,3,3
1,1,1,3,2
1,3,1,1,1
1,2,NA,3,1
1,1,1,3,1
1,2,2,3,1
1,2,NA,2,1
1,2,1,3,2
1,2,1,2,2
1,2,1,3,2
1,2,1,3,1
2,1,1,2,1
1,2,1,2,2
2,1,1,2,2
1,1,1,1,2
1,2,1,2,1
1,1,1,3,1
2,3,1,3,2
1,1,2,3,1
1,1,1,2,2
1,3,1,2,1
1,1,1,3,2
2,1,1,3,1
1,2,1,2,2
1,3,1,2,2
1,1,1,3,1
1,2,1,2,2
1,2,1,2,2
1,2,1,2,1
1,2,1,3,2
1,2,1,3,1
1,2,2,3,2
1,1,1,2,1
1,3,1,3,1
2,1,1,3,2
2,2,2,2,1
1,2,1,2,1
1,2,1,3,1
1,2,1,3,1
1,1,1,2,2
1,2,2,2,2
1,2,1,3,2
1,2,1,3,1
1,2,2,3,1
3,1,1,3,2
2,1,1,2,1
2,2,2,3,2
1,1,1,3,1
1,3,1,3,2
2,1,1,3,2
2,2,1,2,2
1,2,1,3,1
1,2,1,2,2
1,1,1,2,3
1,1,1,3,2
1,3,1,3,1
1,2,1,3,1
1,2,1,3,2
1,2,1,2,1
1,1,1,3,2
1,2,1,3,2
1,2,1,3,2
2,1,1,1,2
1,1,1,3,2
1,2,1,3,3
1,2,1,3,2
1,3,1,3,2
1,3,1,3,1
1,2,1,3,1
1,1,1,2,1
1,1,1,3,2
1,1,1,2,2
1,2,1,2,1
1,1,1,2,2
1,1,1,3,1
2,2,1,2,1
1,2,1,3,1
1,2,2,2,2
1,2,1,3,1
1,1,1,2,2
2,1,1,2,1
1,2,1,3,3
1,3,1,2,1
1,3,1,1,2
1,1,1,3,1
1,2,1,2,2
1,1,1,3,2
1,3,1,2,2
1,2,2,3,1
1,2,1,3,1
1,2,1,2,2
2,1,1,3,1
1,1,1,2,2
1,1,1,3,1
1,2,1,NA,1
1,2,1,2,2
1,1,1,3,1
1,2,2,3,2
1,1,1,1,1
1,2,1,3,2
1,2,2,3,1
1,2,1,3,2
1,1,1,2,2
1,2,1,3,2
1,2,1,2,1
2,1,1,3,2
1,1,1,2,2
1,1,1,2,1
